Family,Type,X,Y,Z
Potted Plant,Potted Plant,15474.874698924,17675.702794879253,8006.4
Potted Plant,Potted Plant,15855.874698924,20571.30279487915,8006.4
M_RPC Male,Alex,14603.73633342097,15838.700198387261,7600.0
M_RPC Male,Jay,10497.49931137199,19445.6005859605,7600.0
M_RPC Female,Florence,9546.2474915923,18964.799999999632,7600.0
